{
    "loss": 0.3234694004058838,
    "accuracy": 0.8793103694915771
}